,x,y
A133,8.001,121.347
A137,7.988,123.64
A157,7.956,127.49
A164,9.103,126.006
A167,9.167,134.446
A173,8.002,118.921
A182,7.483,115.022
A184,7.808,118.853
A195,8.562,119.944
A216,9.41,124.889
A234,8.134,123.814
A252,8.783,123.575
D124,8.799,121.917
D129,7.424,119.895
D131,8.34,118.482
D158,7.977,121.415
D170,7.939,120.06
D171,8.022,121.436
D175,8.235,116.547
D194,8.244,122.535
D198,8.013,121.1
D200,8.169,122.924
D231,8.896,126.687
D244,7.819,118.937
D253,8.221,117.756
D254,7.421,118.987
E128,9.066,116.294
E199,8.019,120.783
E201,9.359,130.658
E219,8.79,114.931
F138,7.717,114.381
F149,8.155,119.347
F163,8.524,125.732
F174,7.865,123.771
F185,11.893,131.339
F197,9.162,123.033
F202,9.003,119.451
F213,9.27,120.744
F237,7.945,128.525
F248,7.173,123.244
G155,8.26,110.092
G166,9.471,108.163
G169,8.424,111.127
G176,8.747,110.138
G178,11.074,121.647
G179,8.472,110.625
G186,8.211,105.448
G188,5.616,106.914
G190,8.911,112.356
G192,7.595,106.089
G193,7.804,119.794
G208,9.551,115.369
G209,7.899,108.309
G221,7.48,108.169
G225,8.106,106.676
G227,8.271,109.732
G257,8.273,106.841
H112,7.736,130.82
H168,9.247,121.595
H172,7.876,120.718
H183,9.26,114.763
H196,9.253,121.73
H206,7.557,120.552
H218,6.877,117.845
H222,7.094,119.818
H228,8.414,115.25
I114,8.248,128.661
I118,9.148,127.23
I134,8.005,113.996
I152,8.701,123.673
I159,8.874,124.222
I180,10.674,132.096
I191,8.955,133.916
I220,8.909,118.152
I245,7.743,124.318
I255,7.913,118.927
I258,8.616,123.695
K136,8.487,119.09
K148,8.113,122.603
K151,8.093,127.803
K177,8.685,124.202
K233,8.235,116.76
K241,7.435,127.202
L147,7.23,110.551
L160,7.534,130.19
L181,9.467,130.775
L212,8.561,131.819
L214,8.924,118.053
L224,7.688,114.328
L226,8.382,121.069
L250,8.115,121.447
L261,6.918,119.168
M125,6.892,113.361
M156,8.204,119.224
M236,7.563,115.282
N119,9.667,128.76
N120,7.755,113.305
N126,8.863,118.806
N143,7.907,115.326
N153,8.751,119.61
N211,8.434,125.753
N246,8.487,118.307
Q139,7.994,119.018
Q259,8.652,123.593
R110,7.517,116.174
R117,8.315,119.101
R127,8.924,126.098
R135,8.192,119.716
R165,8.793,118.126
R249,7.141,126.492
R256,8.511,119.286
S142,9.046,118.578
S150,8.027,116.752
S189,8.338,114.679
S207,7.504,123.73
S223,8.817,122.635
S229,7.087,114.328
S230,8.77,119.854
S251,8.865,118.416
S260,7.878,115.364
T115,9.207,117.488
T122,8.098,115.907
T145,7.412,110.384
T154,7.422,111.916
T204,8.403,126.399
T205,7.949,123.382
T210,9.16,124.801
T215,7.539,115.157
T239,7.889,115.584
T247,7.531,109.373
V130,7.722,124.085
V140,7.602,117.493
V144,7.114,106.496
V161,8.735,125.43
V162,8.731,126.919
V217,8.262,117.974
V235,11.344,131.5
V243,5.851,124.395
W141,6.679,116.886
W203,7.368,116.835
Y113,6.962,120.422
Y116,8.585,117.44
Y121,8.536,114.645
Y132,8.082,119.759
Y240,8.299,127.794
Y242,8.479,123.155
