ResidueKey;x;y;order;assigned_to;est_shift;real_shift;pred_x;pred_y;target_x;target_y
R110;7.517;116.174;110;R110;0.06359685526816512;0.06359685526816512;7.488;115.891;7.488;115.891
H112;7.736;130.82;112;K241;0.24880514464134357;-1.0;7.884;129.82;;
Y113;6.962;120.422;113;Y113;0.09966423631373192;0.09966423631373192;6.898;120.04;6.898;120.04
I114;8.248;128.661;114;I114;0.031575306807692424;0.031575306807692424;8.242;128.506;8.242;128.506
T115;9.207;117.488;115;T115;0.052203065044114046;0.052203065044114046;9.164;117.34;9.164;117.34
Y116;8.585;117.44;116;Y116;0.009219544457291439;0.009219544457291439;8.579;117.405;8.579;117.405
R117;8.315;119.101;117;R117;0.03952163964209946;0.03952163964209946;8.354;119.069;8.354;119.069
I118;9.148;127.23;118;I118;0.027238942710758354;0.027238942710758354;9.121;127.212;9.121;127.212
N119;9.667;128.76;119;N119;0.03693291215163033;0.03693291215163033;9.64;128.634;9.64;128.634
N120;7.755;113.305;120;N120;0.03960000000000008;0.03960000000000008;7.755;113.107;7.755;113.107
Y121;8.536;114.645;121;Y121;0.0858661749468342;0.0858661749468342;8.558;115.06;8.558;115.06
T122;8.098;115.907;122;T122;0.040172627496841036;0.040172627496841036;8.069;115.768;8.069;115.768
D124;8.799;121.917;124;D124;0.02004894012161231;0.02004894012161231;8.78;121.885;8.78;121.885
M125;6.892;113.361;125;M125;0.003162277660168312;0.003162277660168312;6.893;113.346;6.893;113.346
N126;8.863;118.806;126;N126;0.025597656142698676;0.025597656142698676;8.845;118.715;8.845;118.715
R127;8.924;126.098;127;R127;0.007400000000000181;0.007400000000000181;8.931;126.11;8.931;126.11
E128;9.066;116.294;128;E128;0.029529646120466317;0.029529646120466317;9.08;116.164;9.08;116.164
D129;7.424;119.895;129;D129;0.003310589071448093;0.003310589071448093;7.421;119.888;7.421;119.888
V130;7.722;124.085;130;V130;0.015929846201391953;0.015929846201391953;7.712;124.023;7.712;124.023
D131;8.34;118.482;131;V217;0.012448293055677476;0.017912007146044674;8.349;118.525;8.335;118.396
Y132;8.082;119.759;132;Y132;0.022751703232942788;0.022751703232942788;8.104;119.73;8.104;119.73
A133;8.001;121.347;133;D158;0.00960416576283574;0.017001176429884;7.996;121.388;8.018;121.348
I134;8.005;113.996;134;I134;0.02099904759745089;0.02099904759745089;8.021;113.928;8.021;113.928
R135;8.192;119.716;135;R135;0.04604085142566255;0.04604085142566255;8.229;119.853;8.229;119.853
K136;8.487;119.09;136;K136;0.012253978945630774;0.012253978945630774;8.498;119.117;8.498;119.117
A137;7.988;123.64;137;A137;0.022177466041008703;0.022177466041008703;8.002;123.554;8.002;123.554
F138;7.717;114.381;138;F138;0.01372005830891329;0.01372005830891329;7.728;114.34;7.728;114.34
Q139;7.994;119.018;139;A184;0.18268836854052717;0.04612548102730135;7.916;119.844;8.04;119.035
V140;7.602;117.493;140;V140;0.03324154027718709;0.03324154027718709;7.598;117.328;7.598;117.328
W141;6.679;116.886;141;W141;0.019026297590440455;0.019026297590440455;6.698;116.881;6.698;116.881
S142;9.046;118.578;142;S142;0.02024252948620771;0.02024252948620771;9.03;118.516;9.03;118.516
N143;7.907;115.326;143;N143;0.0070028565600041975;0.0070028565600041975;7.914;115.325;7.914;115.325
V144;7.114;106.496;144;V144;0.003999999999997783;0.003999999999997783;7.114;106.476;7.114;106.476
T145;7.412;110.384;145;T145;0.006896375859825483;0.006896375859825483;7.414;110.351;7.414;110.351
L147;7.23;110.551;147;L147;0.04208039923765059;0.04208039923765059;7.188;110.538;7.188;110.538
K148;8.113;122.603;148;D200;0.01431782106327636;0.03498342464653579;8.126;122.573;8.135;122.467
F149;8.155;119.347;149;F149;0.037732744400588554;0.037732744400588554;8.174;119.51;8.174;119.51
S150;8.027;116.752;150;S150;0.016720047846823023;0.016720047846823023;8.037;116.685;8.037;116.685
K151;8.093;127.803;151;K151;0.022114248800267074;0.022114248800267074;8.084;127.702;8.084;127.702
I152;8.701;123.673;152;I152;0.021692394980729293;0.021692394980729293;8.703;123.781;8.703;123.781
N153;8.751;119.61;153;N153;0.06375609774758752;0.06375609774758752;8.762;119.924;8.762;119.924
T154;7.422;111.916;154;T154;0.03940609089975674;0.03940609089975674;7.409;111.73;7.409;111.73
G155;8.26;110.092;155;G227;0.07135516799783952;0.04826758746819586;8.219;109.8;8.268;109.854
M156;8.204;119.224;156;M156;0.030997419247416665;0.030997419247416665;8.174;119.263;8.174;119.263
A157;7.956;127.49;157;A157;0.08171805186125917;0.08171805186125917;7.931;127.101;7.931;127.101
D158;7.977;121.415;158;D171;0.027350319925003003;0.01975246820020279;8.0;121.489;7.996;121.388
I159;8.874;124.222;159;I159;0.042296571965112904;0.042296571965112904;8.832;124.247;8.832;124.247
L160;7.534;130.19;160;L160;0.059735751439150664;0.059735751439150664;7.586;130.043;7.586;130.043
V161;8.735;125.43;161;V161;0.012041594578792997;0.012041594578792997;8.726;125.39;8.726;125.39
V162;8.731;126.919;162;V162;0.06044005294504599;0.06044005294504599;8.789;127.004;8.789;127.004
F163;8.524;125.732;163;N211;0.07612332099954468;0.15248881926226515;8.489;125.394;8.372;125.671
A164;9.103;126.006;164;A164;0.02854400112107605;0.02854400112107605;9.095;125.869;9.095;125.869
R165;8.793;118.126;165;R165;0.033241540277188376;0.033241540277188376;8.762;118.186;8.762;118.186
G166;9.471;108.163;166;G166;0.017042300314217662;0.017042300314217662;9.454;108.157;9.454;108.157
A167;9.167;134.446;167;A167;0.03314453197738402;0.03314453197738402;9.157;134.288;9.157;134.288
H168;9.247;121.595;168;H196;0.10454664030948113;0.11293697357375866;9.344;121.79;9.341;121.908
G169;8.424;111.127;169;G263;0.24940962290978289;-1.0;8.268;110.154;;
D170;7.939;120.06;170;F174;0.01728120366178429;-1.0;7.932;119.981;;
D171;8.022;121.436;171;A133;0.018048822676287043;0.024420483205702833;8.018;121.348;8.0;121.489
H172;7.876;120.718;172;H206;0.3503127745315607;0.4029384072038805;7.53;120.992;7.49;120.14
A173;8.002;118.921;173;Q139;0.04431523440082123;0.8845880623205343;8.04;119.035;7.914;123.322
F174;7.865;123.771;174;A173;0.10229877809631946;0.7609553206332184;7.914;123.322;7.932;119.981
D175;8.235;116.547;175;D175;0.04324627151558731;0.04324627151558731;8.237;116.331;8.237;116.331
G176;8.747;110.138;176;G176;0.048003749853527136;0.048003749853527136;8.795;110.141;8.795;110.141
K177;8.685;124.202;177;K177;0.010001999800042112;0.010001999800042112;8.683;124.251;8.683;124.251
G178;11.074;121.647;178;G178;0.3272842189901622;0.3272842189901622;10.757;121.24;10.757;121.24
G179;8.472;110.625;179;G179;0.03996248240537567;0.03996248240537567;8.438;110.73;8.438;110.73
I180;10.674;132.096;180;I180;0.4818690278488533;0.4818690278488533;10.61;129.708;10.61;129.708
L181;9.467;130.775;181;E201;0.07709760048146772;1.1496463630177771;9.394;130.651;8.443;128.162
A182;7.483;115.022;182;A182;0.13627633690410135;0.13627633690410135;7.394;114.506;7.394;114.506
H183;9.26;114.763;183;H183;0.4037465046288308;0.4037465046288308;9.239;116.779;9.239;116.779
A184;7.808;118.853;184;T239;0.4961207111177675;0.22571495298273903;7.673;116.466;7.916;119.844
F185;11.893;131.339;185;F185;0.033421549934136034;0.033421549934136034;11.914;131.209;11.914;131.209
G186;8.211;105.448;186;G186;0.05142334100386529;0.05142334100386529;8.162;105.37;8.162;105.37
G188;5.616;106.914;188;G188;0.03817905184784032;0.03817905184784032;5.649;106.818;5.649;106.818
S189;8.338;114.679;189;S189;0.044010907738878835;0.044010907738878835;8.332;114.461;8.332;114.461
G190;8.911;112.356;190;G190;0.0006000000000021544;0.0006000000000021544;8.911;112.353;8.911;112.353
I191;8.955;133.916;191;I191;0.01848350616089929;0.01848350616089929;8.937;133.895;8.937;133.895
G192;7.595;106.089;192;G192;0.002599999999997903;0.002599999999997903;7.594;106.101;7.594;106.101
G193;7.804;119.794;193;G193;0.042755116652861976;0.042755116652861976;7.812;119.584;7.812;119.584
D194;8.244;122.535;194;D194;0.026003076741031854;0.026003076741031854;8.27;122.537;8.27;122.537
A195;8.562;119.944;195;A195;0.04591688142720393;0.04591688142720393;8.591;119.766;8.591;119.766
H196;9.253;121.73;196;H168;0.09492818338091048;0.09178779875342846;9.341;121.908;9.344;121.79
F197;9.162;123.033;197;F197;0.06691008892536386;0.06691008892536386;9.126;122.751;9.126;122.751
D198;8.013;121.1;198;D198;0.012240914998479428;0.012240914998479428;8.012;121.161;8.012;121.161
E199;8.019;120.783;199;E199;0.052393129320551575;0.052393129320551575;8.034;120.532;8.034;120.532
D200;8.169;122.924;200;K148;0.09751902378510602;0.08232277935055742;8.135;122.467;8.126;122.573
E201;9.359;130.658;201;Y240;0.6342466712565377;0.03502798880895106;9.047;127.897;9.394;130.651
F202;9.003;119.451;202;F202;0.028653097563790347;0.028653097563790347;9.017;119.326;9.017;119.326
W203;7.368;116.835;203;W203;0.013001538370515953;0.013001538370515953;7.355;116.836;7.355;116.836
T204;8.403;126.399;204;T204;0.04579301256742147;0.04579301256742147;8.364;126.279;8.364;126.279
T205;7.949;123.382;205;T205;0.11404227286405798;0.11404227286405798;7.922;122.828;7.922;122.828
H206;7.557;120.552;206;H172;0.10620150658065344;0.09204890004774392;7.49;120.14;7.53;120.992
S207;7.504;123.73;207;S207;0.026035360569811053;0.026035360569811053;7.481;123.669;7.481;123.669
G208;9.551;115.369;208;G208;0.04662445710139591;0.04662445710139591;9.506;115.308;9.506;115.308
G209;7.899;108.309;209;G209;0.06363458179323678;0.06363458179323678;7.85;108.106;7.85;108.106
T210;9.16;124.801;210;T210;0.0726068867257091;0.0726068867257091;9.133;125.138;9.133;125.138
N211;8.434;125.753;211;F163;0.06413236312502411;0.09044467922437512;8.372;125.671;8.489;125.394
L212;8.561;131.819;212;L212;0.017837040113202498;0.017837040113202498;8.552;131.742;8.552;131.742
F213;9.27;120.744;213;F213;0.12705683767511278;0.12705683767511278;9.187;120.263;9.187;120.263
L214;8.924;118.053;214;I220;0.028720027855138844;0.09092282441719458;8.947;117.967;8.849;118.31
T215;7.539;115.157;215;T215;0.559038317112518;0.559038317112518;7.341;112.543;7.341;112.543
A216;9.41;124.889;216;A216;0.1541731494132496;0.1541731494132496;9.377;124.136;9.377;124.136
V217;8.262;117.974;217;D131;0.11159014293386509;0.1404031338681602;8.335;118.396;8.349;118.525
H218;6.877;117.845;218;H218;0.11699384599200141;0.11699384599200141;6.982;118.103;6.982;118.103
E219;8.79;114.931;219;E219;0.15624416789115503;0.15624416789115503;8.827;115.69;8.827;115.69
I220;8.909;118.152;220;S251;0.027906271696520227;0.05303772242470519;8.884;118.214;8.947;117.967
G221;7.48;108.169;221;G221;0.03503655234180365;0.03503655234180365;7.515;108.177;7.515;108.177
H222;7.094;119.818;222;H222;0.036067159577656;0.036067159577656;7.109;119.654;7.109;119.654
S223;8.817;122.635;223;S223;0.07249855170967374;0.07249855170967374;8.76;122.411;8.76;122.411
L224;7.688;114.328;224;L224;0.027644891028906046;0.027644891028906046;7.671;114.219;7.671;114.219
G225;8.106;106.676;225;G225;0.025384247083575083;0.025384247083575083;8.131;106.698;8.131;106.698
L226;8.382;121.069;226;L226;0.029897157055478307;0.029897157055478307;8.371;120.93;8.371;120.93
G227;8.271;109.732;227;G155;0.024583734460004232;0.05374904650317204;8.268;109.854;8.219;109.8
H228;8.414;115.25;228;H228;0.0945145491445599;0.0945145491445599;8.367;115.66;8.367;115.66
S229;7.087;114.328;229;S229;0.24437872247804204;0.24437872247804204;6.843;114.26;6.843;114.26
S230;8.77;119.854;230;S230;0.01345362404707246;0.01345362404707246;8.779;119.904;8.779;119.904
D231;8.896;126.687;231;D231;0.006390618123467855;0.006390618123467855;8.89;126.676;8.89;126.676
K233;8.235;116.76;233;K233;0.06232848465990528;0.06232848465990528;8.174;116.696;8.174;116.696
A234;8.134;123.814;234;A234;0.034458090486848864;0.034458090486848864;8.132;123.642;8.132;123.642
V235;11.344;131.5;235;V235;0.1308784168608417;0.1308784168608417;11.47;131.323;11.47;131.323
M236;7.563;115.282;236;M236;0.06479783947015452;0.06479783947015452;7.619;115.445;7.619;115.445
F237;7.945;128.525;237;F237;0.1138281160346614;0.1138281160346614;8.054;128.361;8.054;128.361
T239;7.889;115.584;239;S260;0.016278820596101487;0.27887803785884463;7.886;115.504;7.673;116.466
Y240;8.299;127.794;240;L181;0.16171876823671522;0.7482836093353922;8.443;128.162;9.047;127.897
K241;7.435;127.202;241;na;-1.0;0.6897521003954964;;;7.884;129.82
Y242;8.479;123.155;242;Y242;0.18121810064118965;0.18121810064118965;8.513;124.045;8.513;124.045
V243;5.851;124.395;243;V243;0.10872736546058596;0.10872736546058596;5.745;124.274;5.745;124.274
D244;7.819;118.937;244;D244;0.019386593305684388;0.019386593305684388;7.801;118.973;7.801;118.973
I245;7.743;124.318;245;I245;0.05988021376047764;0.05988021376047764;7.734;124.614;7.734;124.614
N246;8.487;118.307;246;N246;0.02002598312193442;0.02002598312193442;8.49;118.406;8.49;118.406
T247;7.531;109.373;247;T247;0.015879546593024124;0.015879546593024124;7.543;109.321;7.543;109.321
F248;7.173;123.244;248;F248;0.011271202242883433;0.011271202242883433;7.183;123.27;7.183;123.27
R249;7.141;126.492;249;R249;0.07473285756613467;0.07473285756613467;7.11;126.152;7.11;126.152
L250;8.115;121.447;250;L250;0.08316850365372752;0.08316850365372752;8.089;121.052;8.089;121.052
S251;8.865;118.416;251;L214;0.026560120481654716;0.04464482052825233;8.849;118.31;8.884;118.214
A252;8.783;123.575;252;A252;0.015153877391609994;0.015153877391609994;8.769;123.546;8.769;123.546
D253;8.221;117.756;253;D253;0.024681166909205018;0.024681166909205018;8.206;117.658;8.206;117.658
D254;7.421;118.987;254;D254;0.05099999999999838;0.05099999999999838;7.397;118.762;7.397;118.762
I255;7.913;118.927;255;I255;0.01592984620139472;0.01592984620139472;7.903;118.865;7.903;118.865
R256;8.511;119.286;256;R256;0.014499655168310715;0.014499655168310715;8.505;119.22;8.505;119.22
G257;8.273;106.841;257;G257;0.023873835050112428;0.023873835050112428;8.25;106.809;8.25;106.809
I258;8.616;123.695;258;I258;0.030297854709530853;0.030297854709530853;8.606;123.552;8.606;123.552
Q259;8.652;123.593;259;Q259;0.03553083168179588;0.03553083168179588;8.628;123.462;8.628;123.462
S260;7.878;115.364;260;Y262;1.1987579238528545;0.02912043955712082;8.167;109.547;7.886;115.504
L261;6.918;119.168;261;L261;0.019432961688843415;0.019432961688843415;6.915;119.072;6.915;119.072
